15096455795363,d6cecc031da69392f47c1ba4bbc3f5a3,1509645579, stage,	vincent
15096455388723,6ba954da31142c762b4c0c3c11837eed,1509645538,	deploy,	vincent
15096452935882,6ba954da31142c762b4c0c3c11837eed,1509645293,	stage,	barbara
15096451787569,20fd88595d1a07e1514a71c7ba3cdd7f,1509645178,	deploy,	fozzie
15096450492729,20fd88595d1a07e1514a71c7ba3cdd7f,1509645049,	stage,	fozzie
15096448061980,3ec33acc42f1d32b7999a90f272c92ed,1509644806,	deploy,	sofia
15096446868122,3ec33acc42f1d32b7999a90f272c92ed,1509644686,	stage,	luis
15096445177361,bd27c23648625e5e92179cb6d79a55ea,1509644517,	stage,	sofia
15096442093679,e6455f4db38fcda4b4832404294ffe4b,1509644209,	deploy,	fisher
15096440795622,e6455f4db38fcda4b4832404294ffe4b,1509644079,	stage,	fisher
15096433408585,682c3c5d46cae7ad70038ba1ced6de62,1509643340,	deploy,	isaac
15096431754016,682c3c5d46cae7ad70038ba1ced6de62,1509643175,	stage,	isaac
15096424878188,03fea7a6a0b0119f40395062ce3a577a,1509642487,	deploy,	brady
15096422693948,03fea7a6a0b0119f40395062ce3a577a,1509642269,	stage,	brady
15096421666939,ebec25e27ad07681fc1a2b0f261a2246,1509642166,	deploy,	tyra
15096420836507,ebec25e27ad07681fc1a2b0f261a2246,1509642083,	stage,	tyra
15096418683424,1653d1c24fc57da6fd42ae404eb88d37,1509641868,	deploy,	bronwen
15096415512996,1653d1c24fc57da6fd42ae404eb88d37,1509641551,	stage,	bronwen
15096415175257,b45bbd2c40bd1336d94a5b97673e79cf,1509641517,	deploy,	bronwen
15096413987084,b45bbd2c40bd1336d94a5b97673e79cf,1509641398,	stage,	barbara
15096413773207,534e2170b35e180bb3c718532263c4a3,1509641377,	deploy,	barbara
15096412698366,534e2170b35e180bb3c718532263c4a3,1509641269,	stage,	lovisa
15096410203329,8a95c51a6446a84ce895e4e863b6cf7a,1509641020,	deploy,	lacroix
15096409427005,8a95c51a6446a84ce895e4e863b6cf7a,1509640942,	stage,	lacroix
15096408422955,c33f4d25a064ba97e269a9d5401d73c9,1509640842,	deploy,	lacroix
15096407386549,c33f4d25a064ba97e269a9d5401d73c9,1509640738,	stage,	kyson
15096405957992,6cf1a266f48f151564dfd13ae64a4d6e,1509640595,	deploy,	carlos
15096404578853,6cf1a266f48f151564dfd13ae64a4d6e,1509640457,	stage,	carlos
15096403923984,83b8ab3a8c39dfc6ebc437e9d6c334a2,1509640392,	deploy,	fozzie
15096403211888,83b8ab3a8c39dfc6ebc437e9d6c334a2,1509640321,	stage,	fozzie
15096399326222,a14dadb05b1f83caebc3d346969a2216,1509639932,	deploy,	sylvester
15096397763918,a14dadb05b1f83caebc3d346969a2216,1509639776,	stage,	dora
15096396048489,1dbada99c61208e4ef0575934f37354f,1509639604,	deploy,	fozzie
15096394839243,1dbada99c61208e4ef0575934f37354f,1509639483,	stage,	fozzie
15096388717808,49eb877f6b0e67276f8b0b852761e83c,1509638871,	deploy,	esau
15096387894447,49eb877f6b0e67276f8b0b852761e83c,1509638789,	stage,	esau
15096386927881,05b08851c63e1e9f13c4216a19bd67ac,1509638692,	deploy,	theia
15096385958092,05b08851c63e1e9f13c4216a19bd67ac,1509638595,	stage,	theia
15096384033449,68c04c961ebc2081f03eff640fddf243,1509638403,	deploy,	sajan
15096382259885,68c04c961ebc2081f03eff640fddf243,1509638225,	stage,	sajan
15096381666917,937e2591912b0c2655d3a2bf0867ce81,1509638166,	deploy,	theia
15096380659232,937e2591912b0c2655d3a2bf0867ce81,1509638065,	stage,	theia
15096379489232,a350aee1d3e00d183051d19d01211e78,1509637948,	deploy,	hana
15096378272622,a350aee1d3e00d183051d19d01211e78,1509637827,	stage,	hana
15096375984557,58422fbbdd8540ed328cb78c813b9d3d,1509637598,	deploy,	hana
15096375279150,58422fbbdd8540ed328cb78c813b9d3d,1509637527,	stage,	theia
15096352062831,5acfb8fb8b9abeb9aead0a4eb379df64,1509635206,	deploy,	sajan
15096349805075,5acfb8fb8b9abeb9aead0a4eb379df64,1509634980,	stage,	sajan
15096342252405,f9adfde0ce1ef81d24ef78f504b7300f,1509634225,	deploy,	callista
15096340532789,f9adfde0ce1ef81d24ef78f504b7300f,1509634053,	stage,	charlie
15096340269106,e1f99c56c350ea58427fbe869c55a571,1509634026,	deploy,	charlie
15096338108088,e1f99c56c350ea58427fbe869c55a571,1509633810,	deploy,	charlie
15096336858255,e1f99c56c350ea58427fbe869c55a571,1509633685,	stage,	barbara
15096336061303,184967cf45e85dfb4e92530feb338a7f,1509633606,	deploy,	barbara
15096335221878,184967cf45e85dfb4e92530feb338a7f,1509633522,	stage,	fozzie
15096298762854,e350737d8566c5bec01d835ce13e2b98,1509629876,	deploy,	elvira
15096297469869,e350737d8566c5bec01d835ce13e2b98,1509629746,	stage,	elvira
15095995258372,8667ee2661412f432662e012430f4ab2,1509599525,	deploy,	roxanne
15095986167781,8667ee2661412f432662e012430f4ab2,1509598616,	stage,	roxanne
15095882275920,be01ab24556807f91e02c953746a8db1,1509588227,	deploy,	lacroix
15095880774153,be01ab24556807f91e02c953746a8db1,1509588077,	stage,	lacroix
15095863781873,3797716ed3483ca5dc711932f27643db,1509586378,	deploy,	leon
15095862781134,3797716ed3483ca5dc711932f27643db,1509586278,	stage,	leon
15095845107297,5977b245886fd52ca7de9fd46d93bb60,1509584510,	deploy,	nils
15095844048528,5977b245886fd52ca7de9fd46d93bb60,1509584404,	stage,	nils
15095842802376,7d931f1c9139ce6a367bee350ea90d99,1509584280,	deploy,	kylie
15095838785304,7d931f1c9139ce6a367bee350ea90d99,1509583878,	stage,	kylie
15095838267977,2cb54d2202f17211e3ef235cc2012dfe,1509583826,	deploy,	kylie
15095829345837,2cb54d2202f17211e3ef235cc2012dfe,1509582934,	stage,	sawyer
15095825825212,78511d05379a4e2cccb2cd35c9e8a6ec,1509582582,	deploy,	maple
15095824706669,78511d05379a4e2cccb2cd35c9e8a6ec,1509582470,	stage,	maple
15095819704185,34ba810cdd09a2044d2e5c1e2421ab02,1509581970,	deploy,	leon
15095818792745,34ba810cdd09a2044d2e5c1e2421ab02,1509581879,	stage,	leon
15095815591067,b51b4c5acfb3f4f208a2fea645b6f8f2,1509581559,	deploy,	lettice
15095814343543,b51b4c5acfb3f4f208a2fea645b6f8f2,1509581434,	stage,	lettice
15095811517913,6d0735aa093ff23ffaad7cb6be291271,1509581151,	stage,	jessamine
15095808204608,d9a7c935abeffff72e430fd6ca1ed867,1509580820,	stage,	lettice
15095807413680,60448cd6b27429af5b3b401eaf84ac83,1509580741,	deploy,	maple
15095806243810,60448cd6b27429af5b3b401eaf84ac83,1509580624,	stage,	maple
15095805944319,ba9d04d6abb4f03dbe37433cdca13706,1509580594,	deploy,	cayden
15095804328027,ba9d04d6abb4f03dbe37433cdca13706,1509580432,	stage,	cayden
15095803534765,65ea30d594ae9ae5744cfb7016007c74,1509580353,	deploy,	cayden
15095801469909,65ea30d594ae9ae5744cfb7016007c74,1509580146,	stage,	esau
15095799927154,cc654561143e4b50757f349d68cbe19e,1509579992,	deploy,	benjamin
15095798234401,cc654561143e4b50757f349d68cbe19e,1509579823,	stage,	benjamin
15095797934002,c5ee76ca794476290130e44acfcfbca0,1509579793,	deploy,	benjamin
15095796746450,c5ee76ca794476290130e44acfcfbca0,1509579674,	stage,	liam
15095796472064,0a0852f80a357359914eecb8e4d6c122,1509579647,	deploy,	henrik
15095794716913,0a0852f80a357359914eecb8e4d6c122,1509579471,	stage,	henrik
15095792896051,a320eb4906a6896ec51c1a663c06d3b3,1509579289,	deploy,	hana
15095792176897,a320eb4906a6896ec51c1a663c06d3b3,1509579217,	stage,	hana
15095791769735,6e57b18b5cda936af7ff2f81cd3ad0f4,1509579176,	deploy,	hana
15095790795455,6e57b18b5cda936af7ff2f81cd3ad0f4,1509579079,	stage,	lacroix
15095790523688,bd52f5d73ee3b416b03b9dcc114f1b3b,1509579052,	deploy,	walden
15095789433653,bd52f5d73ee3b416b03b9dcc114f1b3b,1509578943,	stage,	walden
15095787925728,9ac2cd1c1c58859e18a5623d7b6d2dce,1509578792,	deploy,	roscoe
15095787005488,9ac2cd1c1c58859e18a5623d7b6d2dce,1509578700,	stage,	roscoe
15095785577679,4155b6626da1d24610092ad4b70702e7,1509578557,	deploy,	sajan
15095784225067,4155b6626da1d24610092ad4b70702e7,1509578422,	stage,	sajan
15095783651265,3550ee7edc8a17a45edf8d6ebf88ead0,1509578365,	deploy,	charlie
15095782746073,3550ee7edc8a17a45edf8d6ebf88ead0,1509578274,	stage,	charlie
15095781226019,df362714f0dae0103bbb3329224ef1b2,1509578122,	deploy,	hana
15095780373911,df362714f0dae0103bbb3329224ef1b2,1509578037,	stage,	hana
15095779583288,34438a49f23df6ebb169a855d54a9cb1,1509577958,	deploy,	hana
15095778479157,34438a49f23df6ebb169a855d54a9cb1,1509577847,	stage,	roscoe
15095772934632,e8dc72b514ea58a848e6105decdfe00d,1509577293,	deploy,	selma
15095770906461,e8dc72b514ea58a848e6105decdfe00d,1509577090,	stage,	selma
15095770473613,926edd8a099c2b29f8e97f3b8ce9bb7b,1509577047,	deploy,	charlie
15095769714893,926edd8a099c2b29f8e97f3b8ce9bb7b,1509576971,	stage,	dora
15095768245801,597d8a373f51144c9347152a76e951bc,1509576824,	deploy,	vincent
15095767247730,597d8a373f51144c9347152a76e951bc,1509576724,	stage,	vincent
15095766707241,49c59f295db5f3cbf1caedd163e34ae0,1509576670,	deploy,	vincent
15095765728993,49c59f295db5f3cbf1caedd163e34ae0,1509576572,	stage,	vincent
15095765074276,4ea2f644893871a17b522af675347623,1509576507,	deploy,	vincent
15095763998526,4ea2f644893871a17b522af675347623,1509576399,	stage,	maple
15095763597843,8f5662139a8caca1ed0bb411fe078151,1509576359,	deploy,	maple
15095761166570,8f5662139a8caca1ed0bb411fe078151,1509576116,	stage,	nellie
15095759284539,10f7eb8305a22e37ccffab92efe55331,1509575928,	deploy,	alya
15095758396828,10f7eb8305a22e37ccffab92efe55331,1509575839,	stage,	alya
15095758091741,c26c4c832e213a43cfe7a3236527aa20,1509575809,	deploy,	amelia
15095757238443,c26c4c832e213a43cfe7a3236527aa20,1509575723,	stage,	amelia
15095756864134,6f0cddcc179642c03024da9a16546693,1509575686,	deploy,	elisabeth
15095754793955,6f0cddcc179642c03024da9a16546693,1509575479,	stage,	elisabeth
15095754423358,ff97d51b4b9f066aecce96041ded43d4,1509575442,	deploy,	elisabeth
15095749566784,ff97d51b4b9f066aecce96041ded43d4,1509574956,	stage,	charlie
15095748197712,bfa475dcfdadd30f25e5b60f325a584f,1509574819,	deploy,	roxanne
15095745851059,bfa475dcfdadd30f25e5b60f325a584f,1509574585,	stage,	erica
15095740896245,b82fb38b2a994f74a6a63e208aa051fb,1509574089,	stage,	remi
15095733697452,e7c9dbc125a12a7fd493008c63862a9e,1509573369,	stage,	erica
15095733355255,227206b96d73cd4cdd2d0527c267706d,1509573335,	deploy,	theia
15095732348188,227206b96d73cd4cdd2d0527c267706d,1509573234,	stage,	theia
15095727586132,a11690b5702ce56fd6c279ec09460e16,1509572758,	deploy,	theia
15095726402098,a11690b5702ce56fd6c279ec09460e16,1509572640,	stage,	holt
15095723199761,95fc5f629fa622839e2fd6f3af112fb6,1509572319,	deploy,	kyson
15095722223640,95fc5f629fa622839e2fd6f3af112fb6,1509572222,	stage,	kyson
15095721761413,408a77852c28f31c4282c7633cbebf12,1509572176,	deploy,	olle
15095720801117,408a77852c28f31c4282c7633cbebf12,1509572080,	stage,	maple
15095720589667,e44b3068207d6ac8d44b109c763926a1,1509572058,	deploy,	maple
15095719889224,e44b3068207d6ac8d44b109c763926a1,1509571988,	stage,	sylvester
15095716278910,dc94eeaaa3829d37e01729a4d691b102,1509571627,	stage,	isabella
15095714344901,7d8b6f41a0e5ed7955e546fdc2a5e731,1509571434,	stage,	melvin
15095713694082,8a85633389f23f0675243ef3529beeef,1509571369,	deploy,	fozzie
15095712231307,8a85633389f23f0675243ef3529beeef,1509571223,	stage,	maple
15095711514597,33009d2259a2281b80581c02d9934e58,1509571151,	deploy,	maple
15095709464087,33009d2259a2281b80581c02d9934e58,1509570946,	stage,	loui
15095706036575,556e2ba70418ee7e2d1f3cda27bd4e66,1509570603,	deploy,	carlos
15095703507532,556e2ba70418ee7e2d1f3cda27bd4e66,1509570350,	stage,	cayden
15095703233644,466ad4651e2e65c84684f51a524d1a29,1509570323,	deploy,	cayden
15095702151730,466ad4651e2e65c84684f51a524d1a29,1509570215,	stage,	zahra
15095701176711,a5cfb05b7499ddb6faf29d9a5319f793,1509570117,	deploy,	fozzie
15095700334255,a5cfb05b7499ddb6faf29d9a5319f793,1509570033,	stage,	fozzie
15095699369522,e12efcf720b76dc9164ada0073ff015b,1509569936,	deploy,	kai
15095697401603,e12efcf720b76dc9164ada0073ff015b,1509569740,	stage,	kai
15095694555792,7aa0dacc1f11015e31e362f3dca03235,1509569455,	deploy,	nova
15095693866295,7aa0dacc1f11015e31e362f3dca03235,1509569386,	stage,	nova
15095693119645,4e8fc086b4c0e4f9d23c69261979199b,1509569311,	deploy,	porter
15095692401967,4e8fc086b4c0e4f9d23c69261979199b,1509569240,	stage,	porter
15095691914683,2ac2db80e092e380eed410b7fce4fbf6,1509569191,	deploy,	molly
15095688413638,2ac2db80e092e380eed410b7fce4fbf6,1509568841,	stage,	molly
15095687464710,9c0e85504547d589e379dd3ce967f569,1509568746,	deploy,	kyson
15095686592428,9c0e85504547d589e379dd3ce967f569,1509568659,	stage,	kyson
15095686215710,136928deb28e3fb62dbcc072698451c1,1509568621,	deploy,	laelia
15095685265130,136928deb28e3fb62dbcc072698451c1,1509568526,	stage,	laelia
15095683683094,eee9cd594fa7ba527eeed9a123bc26e6,1509568368,	deploy,	laelia
15095682815530,eee9cd594fa7ba527eeed9a123bc26e6,1509568281,	stage,	desdemona
15095682146228,c9cda914a6c0995ba0f57872a2974fbf,1509568214,	deploy,	desdemona
15095681314539,c9cda914a6c0995ba0f57872a2974fbf,1509568131,	stage,	desdemona
15095671716244,ac8afde8b74bc2bdb343f972efc1e8c3,1509567171,	deploy,	alaia
15095670918107,ac8afde8b74bc2bdb343f972efc1e8c3,1509567091,	stage,	alaia
15095667478741,bec32a7d0178302537de6f592dc9271f,1509566747,	stage,	kaya
15095657286648,d36a55d95f2b3e4afddf528d450d043b,1509565728,	deploy,	theia
15095656192515,d36a55d95f2b3e4afddf528d450d043b,1509565619,	stage,	theia
15095648484999,3b4eaa52af54af98a06680a1486ddd29,1509564848,	deploy,	hana
15095647438627,3b4eaa52af54af98a06680a1486ddd29,1509564743,	stage,	hana
15095645373933,941c755dc44c6d4dfe997a092e744968,1509564537,	deploy,	carlos
15095643571690,941c755dc44c6d4dfe997a092e744968,1509564357,	stage,	carlos
15095643147010,bb0d335867cf5d1d8baee96db84acf3c,1509564314,	deploy,	carlos
15095641471875,bb0d335867cf5d1d8baee96db84acf3c,1509564147,	stage,	wendy
15095641191845,0c1071ca5c91fa5cfa8ceb94d8c3d2ea,1509564119,	deploy,	nellie
15095640295840,0c1071ca5c91fa5cfa8ceb94d8c3d2ea,1509564029,	stage,	nellie
15095638433619,8223fef1984ac87d23937bccb327e2e0,1509563843,	deploy,	dudley
15095637072815,8223fef1984ac87d23937bccb327e2e0,1509563707,	stage,	dudley
15095636706031,18e196324ef93be4236c81bc77fae453,1509563670,	deploy,	lettice
15095635536768,18e196324ef93be4236c81bc77fae453,1509563553,	stage,	lettice
15095633708326,2f7d0da1e4dee628a8aff4d951ab7b36,1509563370,	deploy,	hana
15095633006302,2f7d0da1e4dee628a8aff4d951ab7b36,1509563300,	stage,	hana
15095621807378,7bbab364d6bcebb76d66e3192d5600bb,1509562180,	deploy,	mahala
15095620079193,7bbab364d6bcebb76d66e3192d5600bb,1509562007,	stage,	mahala
15095618913388,aa8be802889437667678ee3f74f080b9,1509561891,	deploy,	fozzie
15095617913458,aa8be802889437667678ee3f74f080b9,1509561791,	stage,	fozzie
15095614286102,d299ace07a082ce6ce7f75c47020c239,1509561428,	deploy,	isaac
15095611665638,d299ace07a082ce6ce7f75c47020c239,1509561166,	stage,	isaac
15095610246821,f7d25c4948f56edd2725d7e38f9ba90a,1509561024,	deploy,	elisabeth
15095609162176,f7d25c4948f56edd2725d7e38f9ba90a,1509560916,	stage,	elisabeth
15095604995337,23c258bb3af82c19742b9d5c3023a162,1509560499,	deploy,	langston
15095603398377,23c258bb3af82c19742b9d5c3023a162,1509560339,	stage,	sylvester
15095601958413,729afa8d114532ac2d08b47e909a12a7,1509560195,	deploy,	elsa
15095600642769,729afa8d114532ac2d08b47e909a12a7,1509560064,	stage,	elsa
15095600389419,9b6c4fdfcb5c6ad0e86c2715f220afaf,1509560038,	deploy,	allison
15095599295877,9b6c4fdfcb5c6ad0e86c2715f220afaf,1509559929,	stage,	allison
15095598105614,e4b8969ee08c6501f421ba9bb9528a0a,1509559810,	deploy,	homer
15095596572306,e4b8969ee08c6501f421ba9bb9528a0a,1509559657,	stage,	homer
15095596383841,9dfd856da00a50713a79f8056bda2979,1509559638,	deploy,	homer
15095595014223,9dfd856da00a50713a79f8056bda2979,1509559501,	deploy,	homer
15095594094031,9dfd856da00a50713a79f8056bda2979,1509559409,	stage,	hana
15095586936283,6d895132014481a0333e02db71483693,1509558693,	deploy,	saga
15095586124467,6d895132014481a0333e02db71483693,1509558612,	stage,	saga
15095585674904,33723b68e03bb43e27634964477a68eb,1509558567,	deploy,	fozzie
15095584472849,33723b68e03bb43e27634964477a68eb,1509558447,	stage,	fozzie
15095583864545,35f65d5de705d73170fa47df7ac00467,1509558386,	deploy,	bronwen
15095574952613,35f65d5de705d73170fa47df7ac00467,1509557495,	stage,	vincent
15095573572422,b19f1116d87611ffa4ecbd0231fdb834,1509557357,	deploy,	benjamin
15095572077005,b19f1116d87611ffa4ecbd0231fdb834,1509557207,	stage,	theia
15095566011972,13db4c2995b8c5d2f098b338d7cd51a1,1509556601,	deploy,	fozzie
15095562815430,13db4c2995b8c5d2f098b338d7cd51a1,1509556281,	stage,	fozzie
15095561499770,fe9d0e75ec1968192582ac11a2840da5,1509556149,	deploy,	roxanne
15095560125837,fe9d0e75ec1968192582ac11a2840da5,1509556012,	stage,	langston
15095559691860,f94527862b7487ed750da8586bc3da81,1509555969,	deploy,	joseph
15095556918085,f94527862b7487ed750da8586bc3da81,1509555691,	stage,	mahala
15095554334615,2cd960f0365c55b1835e8ce6e0cb3239,1509555433,	deploy,	bronwen
15095553403799,2cd960f0365c55b1835e8ce6e0cb3239,1509555340,	stage,	bronwen
15095548119295,de82e57c6af1b3fcd93d36825c215622,1509554811,	deploy,	thora
15095546801590,de82e57c6af1b3fcd93d36825c215622,1509554680,	stage,	thora
15095546631750,ca9a9b6eeca69a9b0b2a092768331892,1509554663,	deploy,	thora
15095535852367,ca9a9b6eeca69a9b0b2a092768331892,1509553585,	stage,	melker
15095533956739,3d75a0c99a944a3d41d0b32276cd7d9b,1509553395,	deploy,	jemma
15095531851367,3d75a0c99a944a3d41d0b32276cd7d9b,1509553185,	stage,	jemma
15095531233132,47342fb07f49f64156373a0f57fe7ecb,1509553123,	deploy,	roscoe
15095530203834,47342fb07f49f64156373a0f57fe7ecb,1509553020,	stage,	roscoe
15095511484426,49d8825b810370c36ed972149cd15dae,1509551148,	deploy,	thora
15095508951552,49d8825b810370c36ed972149cd15dae,1509550895,	stage,	thora
15095478316852,ac75fd75f3cb311471b9490caa423fe6,1509547831,	deploy,	thora
15095477134816,ac75fd75f3cb311471b9490caa423fe6,1509547713,	stage,	thora
15095472031832,2df449dbeb37f34d1cdda226549a0653,1509547203,	stage,	thora
15095468435590,4e528a7f73192cefdc7b45bae4fb2634,1509546843,	deploy,	desdemona
15095467142889,4e528a7f73192cefdc7b45bae4fb2634,1509546714,	stage,	desdemona
15095462844400,66b40ce44c328ed19171fb78d6865904,1509546284,	deploy,	hana
15095460787424,66b40ce44c328ed19171fb78d6865904,1509546078,	stage,	hana
15095374144833,a08def7b9a6abe49501be99aa7822c77,1509537414,	deploy,	hana
15095373334236,a08def7b9a6abe49501be99aa7822c77,1509537333,	stage,	hana
15095022835936,30475d7791de4d19a403ab8359e2f4c1,1509502283,	deploy,	melker
15095011307240,30475d7791de4d19a403ab8359e2f4c1,1509501130,	deploy,	melker
15094992587457,30475d7791de4d19a403ab8359e2f4c1,1509499258,	deploy,	liam
15094991491940,30475d7791de4d19a403ab8359e2f4c1,1509499149,	stage,	liam
15094990808592,1350ad5ec4498d0f51e9f37a387497de,1509499080,	deploy,	liam
15094989617419,1350ad5ec4498d0f51e9f37a387497de,1509498961,	stage,	melker
15094988958307,5056136542ff632e51e43a6e4ff60155,1509498895,	deploy,	melker
15094988122143,5056136542ff632e51e43a6e4ff60155,1509498812,	stage,	melker
15094987447217,a80b8c43ebf0b793c1dc6b3cd96277cb,1509498744,	deploy,	melker
15094986825362,a80b8c43ebf0b793c1dc6b3cd96277cb,1509498682,	stage,	melker
15094983651922,f903a025e65bfe2e58b78018ab2eda86,1509498365,	deploy,	melker
15094983008678,f903a025e65bfe2e58b78018ab2eda86,1509498300,	stage,	melker
15094979849946,57eaf0ec5868688a2584b657bef030d2,1509497984,	stage,	melker
15094977498891,57eaf0ec5868688a2584b657bef030d2,1509497749,	deploy,	roxanne
15094976857316,57eaf0ec5868688a2584b657bef030d2,1509497685,	stage,	roxanne
15094974661159,e6036a7e93bdfd63ce3d69103312c5ec,1509497466,	deploy,	melker
15094974081169,e6036a7e93bdfd63ce3d69103312c5ec,1509497408,	stage,	roxanne
15094972664381,12fb60f66ad6f1eca4a72efda2a47650,1509497266,	deploy,	melker
15094972053361,12fb60f66ad6f1eca4a72efda2a47650,1509497205,	stage,	melker
15094970221189,2afe45dcbbfd674ba266f3043d125e17,1509497022,	deploy,	melker
15094969582231,2afe45dcbbfd674ba266f3043d125e17,1509496958,	stage,	melker
15094965202713,b39fc863a005e675138c5320be87918c,1509496520,	deploy,	melker
15094964616763,b39fc863a005e675138c5320be87918c,1509496461,	stage,	melker
15094962268899,5087b3d7f1726f111ac813d2afa306e0,1509496226,	stage,	melker
15094959041693,000b122c4cae9e9a2185d48cb78b16ef,1509495904,	deploy,	melker
15094958322070,000b122c4cae9e9a2185d48cb78b16ef,1509495832,	stage,	melker
15094956162899,69fac11c85b5df0049ffeadf50ca04f8,1509495616,	deploy,	melker
15094955563412,69fac11c85b5df0049ffeadf50ca04f8,1509495556,	stage,	melker
15094951493616,471929cce0fad84aee44cbe1cbfb1f22,1509495149,	stage,	melker
15094946172123,1720e23789c22e2eb748a544cac79fd9,1509494617,	deploy,	melker
15094944984277,1720e23789c22e2eb748a544cac79fd9,1509494498,	stage,	melker
15094941003358,6c8e6cf6e3319b4f33a87b874a511d69,1509494100,	deploy,	melker
15094937097660,6c8e6cf6e3319b4f33a87b874a511d69,1509493709,	deploy,	melker
15094935852535,6c8e6cf6e3319b4f33a87b874a511d69,1509493585,	stage,	melker
15094934984317,8895fb12555cc3d6c0fe33342cd98c65,1509493498,	deploy,	melker
15094933941500,8895fb12555cc3d6c0fe33342cd98c65,1509493394,	deploy,	roxanne
15094932309301,8895fb12555cc3d6c0fe33342cd98c65,1509493230,	stage,	roxanne
15094917902834,258545aef627e0cf2b83a3d62382cfa6,1509491790,	stage,	melker
15094917225720,258545aef627e0cf2b83a3d62382cfa6,1509491722,	deploy,	melker
15094915217590,258545aef627e0cf2b83a3d62382cfa6,1509491521,	stage,	melker
15094911594486,cd4123c8e8959f2cb566c14c1c3ea261,1509491159,	deploy,	maris
15094910408597,cd4123c8e8959f2cb566c14c1c3ea261,1509491040,	stage,	maris
15094903571405,789f0bcfa3a043b2932760c510e2b852,1509490357,	deploy,	lovisa
15094902825283,789f0bcfa3a043b2932760c510e2b852,1509490282,	stage,	lovisa
15094901969006,70c43cdbc2d52f1bb55e6a01e5ee40e9,1509490196,	deploy,	lovisa
15094901136449,70c43cdbc2d52f1bb55e6a01e5ee40e9,1509490113,	stage,	eilis
15094895202362,0263f41f7e25a53ff6b7e4d2a42a26c4,1509489520,	deploy,	ranger
15094894169775,0263f41f7e25a53ff6b7e4d2a42a26c4,1509489416,	stage,	ranger
15094892497613,9501375f8a025a6b9c094dfc9ec73268,1509489249,	deploy,	maris
15094891788466,9501375f8a025a6b9c094dfc9ec73268,1509489178,	stage,	maris
15094890714082,712bf0bbb9b6d11e865e5aca88a36f21,1509489071,	deploy,	bluebell
15094889647352,712bf0bbb9b6d11e865e5aca88a36f21,1509488964,	stage,	maven
15094889157828,46cd840671beee8107feb6f46e559311,1509488915,	deploy,	maven
15094886995837,46cd840671beee8107feb6f46e559311,1509488699,	stage,	carlos
15094885569109,402a4afee160364ba5bf012c7f9dea85,1509488556,	deploy,	nova
15094884853337,402a4afee160364ba5bf012c7f9dea85,1509488485,	stage,	nova
15094884108205,b11e2e02c97bc99bb08214e2ca562967,1509488410,	deploy,	theia
15094881751374,b11e2e02c97bc99bb08214e2ca562967,1509488175,	stage,	seren
15094880517216,c79f7fd07f5e2130555b86e4154f5dbc,1509488051,	deploy,	seren
15094875742518,c79f7fd07f5e2130555b86e4154f5dbc,1509487574,	stage,	liam
15094875426036,87133c5941074b82d60850818b5a836a,1509487542,	deploy,	liam
15094872155303,87133c5941074b82d60850818b5a836a,1509487215,	stage,	jessamine
15094871469895,045dc55c3f82ed1a1039de3ec34478cf,1509487146,	deploy,	lettice
15094870645937,045dc55c3f82ed1a1039de3ec34478cf,1509487064,	stage,	lettice
15094868774428,f4e23bb328121b057486a9423f37628e,1509486877,	stage,	skylar
15094866945514,b107d02b82fdbe6d7fc6495e787c2d02,1509486694,	deploy,	saga
15094866238417,b107d02b82fdbe6d7fc6495e787c2d02,1509486623,	stage,	saga
15094864127356,cb308573d533a3b85fca95fed21cc6d9,1509486412,	deploy,	hana
15094863397231,cb308573d533a3b85fca95fed21cc6d9,1509486339,	stage,	hana
15094861454355,ec9902bd6ee9206bd891a320244f1991,1509486145,	deploy,	sofia
15094858626380,ec9902bd6ee9206bd891a320244f1991,1509485862,	stage,	sofia
15094858224086,60f94528097e89f5640eef527f2ff6b5,1509485822,	deploy,	sofia
15094854947622,60f94528097e89f5640eef527f2ff6b5,1509485494,	stage,	carlos
15094854468685,a8d00a236947b2b3d7ff80d3c443b7ab,1509485446,	deploy,	carlos
15094849213561,a8d00a236947b2b3d7ff80d3c443b7ab,1509484921,	stage,	maven
15094848788137,3d134b3f3fb3300624aa1b1daf23c85d,1509484878,	deploy,	brady
15094847923644,3d134b3f3fb3300624aa1b1daf23c85d,1509484792,	stage,	brady
15094847495287,4e99d9264bfc591e5dabbf7a09dc508f,1509484749,	deploy,	isabella
15094846809400,4e99d9264bfc591e5dabbf7a09dc508f,1509484680,	stage,	isabella
15094846168421,b2a0aece50bc4f7d0b548846c81a652b,1509484616,	deploy,	hana
15094845333827,b2a0aece50bc4f7d0b548846c81a652b,1509484533,	stage,	hana
15094842646667,4ee0b4f2a991312a6dba89f405200593,1509484264,	deploy,	joseph
15094841742386,4ee0b4f2a991312a6dba89f405200593,1509484174,	stage,	joseph
15094838078388,4e4b802450f4df905db5030a03d138b7,1509483807,	deploy,	vincent
15094837363031,4e4b802450f4df905db5030a03d138b7,1509483736,	stage,	vincent
15094836913970,9781ff6db2a49b06a85b9b291b764453,1509483691,	deploy,	vincent
15094836191551,9781ff6db2a49b06a85b9b291b764453,1509483619,	stage,	lovisa
15094834826894,6ea0797d2707b48e3a92362b5581566a,1509483482,	deploy,	langston
15094832275184,6ea0797d2707b48e3a92362b5581566a,1509483227,	stage,	desdemona
15094830893393,aa12a7be9f0e785c696791f7bc425278,1509483089,	deploy,	maple
15094829644947,aa12a7be9f0e785c696791f7bc425278,1509482964,	stage,	maple
15094825837747,244413cf8f8edf26df550f5aa620f3f5,1509482583,	deploy,	kyson
15094824664786,244413cf8f8edf26df550f5aa620f3f5,1509482466,	stage,	kyson
15094823399534,a6cb20fd7bb43e3f84e358998f95257c,1509482339,	deploy,	maris
15094821961160,a6cb20fd7bb43e3f84e358998f95257c,1509482196,	stage,	maris
15094821557807,31bed94ccf64d0a7d89a2399e0090c63,1509482155,	deploy,	hana
15094820859677,31bed94ccf64d0a7d89a2399e0090c63,1509482085,	stage,	hana
15094818812275,6493ad244a3a9ab242e8f563484e9708,1509481881,	deploy,	fozzie
15094818094604,6493ad244a3a9ab242e8f563484e9708,1509481809,	stage,	fozzie
15094818014060,b8a890fce16ed4551badb9dd644c1abb,1509481801,	deploy,	alicia
15094817785785,b8a890fce16ed4551badb9dd644c1abb,1509481778,	deploy,	roxanne
15094810532637,b8a890fce16ed4551badb9dd644c1abb,1509481053,	stage,	alicia
15094806907955,10d257a631578490ffd73c9bdd2b382c,1509480690,	stage,	roxanne
15094806475408,65dfd6d1c1d7806901468c15a37240b3,1509480648,	deploy,	roxanne
15094804025773,65dfd6d1c1d7806901468c15a37240b3,1509480402,	stage,	alya
15094803581658,98cd18e58ed6759eb61a6b277c628a1b,1509480358,	deploy,	alya
15094802857505,98cd18e58ed6759eb61a6b277c628a1b,1509480285,	stage,	kylie
15094802644062,a3429a07601b7596436228e6ad6111b8,1509480264,	deploy,	hana
15094801923686,a3429a07601b7596436228e6ad6111b8,1509480192,	stage,	hana
15094799792084,4ecff3c1eb62b6e0bbce500cc6aa405d,1509479979,	deploy,	saga
15094798921564,4ecff3c1eb62b6e0bbce500cc6aa405d,1509479892,	stage,	saga
15094793539544,dc860b2527a2298b7402a435f42d9075,1509479353,	deploy,	elvira
15094790299050,dc860b2527a2298b7402a435f42d9075,1509479029,	stage,	elvira
15094786632524,d753d153bdd2497e16cae35e46136186,1509478663,	deploy,	kylie
15094784648970,d753d153bdd2497e16cae35e46136186,1509478464,	stage,	kylie
15094783925507,24420002416790edaa2c1adb44dcb5e0,1509478392,	deploy,	kyson
15094783117688,24420002416790edaa2c1adb44dcb5e0,1509478311,	stage,	kyson
15094782686484,3f4eaebaff2bd87ccc019475d43442aa,1509478268,	deploy,	maris
15094781257577,3f4eaebaff2bd87ccc019475d43442aa,1509478125,	stage,	maris
15094779319467,a91a494278fdaebcf5ef9a9a85b61531,1509477931,	deploy,	kylie
15094774973336,a91a494278fdaebcf5ef9a9a85b61531,1509477497,	stage,	desdemona
15094771425198,ba1483edc1d09282e35fe0a9f1e6758a,1509477142,	deploy,	fisher
15094769243837,ba1483edc1d09282e35fe0a9f1e6758a,1509476924,	stage,	fisher
15094766941639,6a991322a9fe523a345aa48f93373111,1509476694,	deploy,	nerissa
15094765118253,6a991322a9fe523a345aa48f93373111,1509476511,	stage,	nerissa
15094763182505,6b11c571026515f755ddf33ff92a4da1,1509476318,	deploy,	aurora
15094761673940,6b11c571026515f755ddf33ff92a4da1,1509476167,	stage,	aurora
15094761183889,ac66f6878e27294c06c98a0a46a0a119,1509476118,	deploy,	aurora
15094760233921,ac66f6878e27294c06c98a0a46a0a119,1509476023,	stage,	maris
15094755921379,98fedd98da4e5ac0e1d00a006a679637,1509475592,	stage,	kylie
15094753878782,e5d2582da7ff091422dbf099691570a3,1509475387,	deploy,	kylie
15094740572506,e5d2582da7ff091422dbf099691570a3,1509474057,	stage,	theia
15094738796927,2a769629373496e5352e6252bab5e73b,1509473879,	deploy,	isabella
15094737812025,2a769629373496e5352e6252bab5e73b,1509473781,	stage,	isabella
15094737418186,0c1528ee2d36b799434d838f00ff6619,1509473741,	deploy,	dora
15094736123735,0c1528ee2d36b799434d838f00ff6619,1509473612,	stage,	dora
15094735473485,0e0a8467199250898f08c7e8cb97d0ae,1509473547,	deploy,	roscoe
15094734552956,0e0a8467199250898f08c7e8cb97d0ae,1509473455,	stage,	roscoe
15094733482139,7f03370dbfb3682aa61ebb6bc62bde24,1509473348,	deploy,	isaac
15094732602000,7f03370dbfb3682aa61ebb6bc62bde24,1509473260,	stage,	isaac
15094732195716,d1f7ddf4698badfcccb4b80e61d43e82,1509473219,	deploy,	hana
15094731481260,d1f7ddf4698badfcccb4b80e61d43e82,1509473148,	stage,	hana
15094731057816,bf2fe909649c08d0a84af14ce68b9f56,1509473105,	deploy,	hana
15094730344749,bf2fe909649c08d0a84af14ce68b9f56,1509473034,	stage,	isabella
15094729146313,b1b8469233212c1dc3624bf6e9721be2,1509472914,	deploy,	hana
15094728289910,b1b8469233212c1dc3624bf6e9721be2,1509472828,	stage,	hana
15094727726972,aa2d82afd3517fec675b44d17e957d62,1509472772,	deploy,	alicia
15094727033408,aa2d82afd3517fec675b44d17e957d62,1509472703,	stage,	alicia
15094724885934,93d6214a32ffb936fd3072e495cae4ce,1509472488,	stage,	maris
15094721613651,cb1c1994ad5f5545dc92f4f321269ea2,1509472161,	stage,	denzel
15094721247260,36255f3bffb514df740eba579511e71a,1509472124,	deploy,	denzel
15094720544522,36255f3bffb514df740eba579511e71a,1509472054,	stage,	porter
15094719445406,921e68fedee9c871926768713ccfcb46,1509471944,	deploy,	carlos
15094717743207,921e68fedee9c871926768713ccfcb46,1509471774,	stage,	joseph
15094717038459,7a60341a5bc3fdd2d885e9a1a87de39b,1509471703,	deploy,	carlos
15094710158319,7a60341a5bc3fdd2d885e9a1a87de39b,1509471015,	stage,	sawyer
15094707672600,7001f83a6287943907bb6bac8ae74e8f,1509470767,	deploy,	hana
15094706903157,7001f83a6287943907bb6bac8ae74e8f,1509470690,	stage,	hana
15094706643956,5800a3df3eb100f4bb04107773ccc019,1509470664,	deploy,	kyson
15094705782848,5800a3df3eb100f4bb04107773ccc019,1509470578,	stage,	kyson
15094700962711,0116bf08caa4b4ba51181c2c77879d34,1509470096,	deploy,	bronwen
15094699659033,0116bf08caa4b4ba51181c2c77879d34,1509469965,	stage,	kyson
15094696084975,028523e11e8f94e35cb10cf04f63831d,1509469608,	stage,	zariah
15094695168629,dc65e070f9a0e2d467bfc557446ab5b7,1509469516,	deploy,	fozzie
15094694092284,dc65e070f9a0e2d467bfc557446ab5b7,1509469409,	stage,	aurora
15094690912481,fe95cc64e0dae999e5b4ad27b65f2cb1,1509469091,	deploy,	fozzie
15094690016776,fe95cc64e0dae999e5b4ad27b65f2cb1,1509469001,	stage,	kyson
15094689589919,22da6a1fd3671cc56b3ea91693b8e94b,1509468958,	deploy,	kyson
15094688263834,22da6a1fd3671cc56b3ea91693b8e94b,1509468826,	stage,	nellie
15094686452389,69bfe6c891bde9e04389dbe27190788b,1509468645,	deploy,	theia
15094685197282,69bfe6c891bde9e04389dbe27190788b,1509468519,	stage,	theia
15094681709862,04e5940c0bde5e6f2196bb8ac274effe,1509468170,	deploy,	saga
15094681032647,04e5940c0bde5e6f2196bb8ac274effe,1509468103,	stage,	saga
15094680035639,5b7e9b7cf02a135587067459cbdf67e9,1509468003,	deploy,	emil
15094679293977,5b7e9b7cf02a135587067459cbdf67e9,1509467929,	stage,	emil
15094678046025,a404e89e330a2789f80b8b5a0d342fa6,1509467804,	deploy,	theia
15094676575425,a404e89e330a2789f80b8b5a0d342fa6,1509467657,	stage,	theia
15094673397605,507b4592498f73b2a5856743d1d346a7,1509467339,	deploy,	nellie
15094671626767,507b4592498f73b2a5856743d1d346a7,1509467162,	stage,	dora
15094668569060,9ed00cdfc4d99825dd0273e97a026d4e,1509466856,	deploy,	dora
15094666989583,9ed00cdfc4d99825dd0273e97a026d4e,1509466698,	stage,	dora
15094666188916,8595c47a381d8dad085fefda491ad051,1509466618,	deploy,	kyson
15094665406813,8595c47a381d8dad085fefda491ad051,1509466540,	stage,	kyson
15094664315588,b28bc85e1c47f7eec409eb0dcc0fc09e,1509466431,	deploy,	olivia
15094663577204,b28bc85e1c47f7eec409eb0dcc0fc09e,1509466357,	stage,	olivia
15094662826196,6617086801c3e691f13826889c8ebd83,1509466282,	deploy,	callista
15094659676960,6617086801c3e691f13826889c8ebd83,1509465967,	stage,	callista
15094659246653,ae37f5d76b356e37a6c9dad29c681a0a,1509465924,	deploy,	fozzie
15094657607495,ae37f5d76b356e37a6c9dad29c681a0a,1509465760,	stage,	fozzie
15094657354430,156fe877809c2831f859434b2f5854a0,1509465735,	deploy,	lovisa
15094655687416,156fe877809c2831f859434b2f5854a0,1509465568,	stage,	lovisa
15094655371237,cf04bc0261ddb95a6f5bb1ef093fbcaa,1509465537,	deploy,	milana
15094654134037,cf04bc0261ddb95a6f5bb1ef093fbcaa,1509465413,	stage,	milana
15094648573361,8951b5aacdafa98a4947112a43f8ad39,1509464857,	deploy,	elisabeth
15094646273055,8951b5aacdafa98a4947112a43f8ad39,1509464627,	stage,	elisabeth
15094645943074,db82285ec6c6ddcfd40b15c6c5d09991,1509464594,	deploy,	elisabeth
15094644735544,db82285ec6c6ddcfd40b15c6c5d09991,1509464473,	stage,	hana
15094644205187,62d87b60f6122735f557f22ab3339dc7,1509464420,	deploy,	isaac
15094643132221,62d87b60f6122735f557f22ab3339dc7,1509464313,	stage,	isaac
15094638641508,2cf09d392db1395ab196d63c4ba48159,1509463864,	deploy,	leo
15094637511853,2cf09d392db1395ab196d63c4ba48159,1509463751,	stage,	leo
15094637306709,2b3373428fd023aee15fc03ec2fdcf1e,1509463730,	deploy,	zariah
15094634614157,2b3373428fd023aee15fc03ec2fdcf1e,1509463461,	stage,	zariah
15094633413881,c9989752670cb0d4f0a1f8c1da3f1563,1509463341,	stage,	zariah
15094631174304,42ae8945deb23ca3eba8ee369ee04836,1509463117,	stage,	zariah
15094630007735,23be9bec982b913fe6197ce8083de832,1509463000,	deploy,	ines
15094628642452,23be9bec982b913fe6197ce8083de832,1509462864,	stage,	ines
15094628273537,e295ad650b180f5819498570aa1d9481,1509462827,	deploy,	jack
15094626791292,e295ad650b180f5819498570aa1d9481,1509462679,	stage,	jack
15094622692824,f690e7ed064a6d8b16b6a2bad4a5e278,1509462269,	deploy,	turner
15094621998804,f690e7ed064a6d8b16b6a2bad4a5e278,1509462199,	stage,	turner
15094601131629,2bfdcbf68260e6ef8153f3a7692ec225,1509460113,	deploy,	desdemona
15094599449653,2bfdcbf68260e6ef8153f3a7692ec225,1509459944,	stage,	desdemona
15094278226037,b4df296ee610ebb4d0a5c54f2dc11967,1509427822,	deploy,	sarai
15094277358519,b4df296ee610ebb4d0a5c54f2dc11967,1509427735,	stage,	sarai
15094175799224,86709870d70034aa18545c54cd6cb6bc,1509417579,	deploy,	sarai
15094175003559,86709870d70034aa18545c54cd6cb6bc,1509417500,	stage,	sarai
15094166413863,8bc3c7bfdf939b18850a4d576ce46a79,1509416641,	deploy,	porter
15094165342457,8bc3c7bfdf939b18850a4d576ce46a79,1509416534,	stage,	porter
15094163657405,24f1a0944f27b46ac7087d3cf53de06e,1509416365,	deploy,	alicia
15094162863343,24f1a0944f27b46ac7087d3cf53de06e,1509416286,	stage,	alicia
15094112829433,beaf24199f841f32643e33b70a3c455b,1509411282,	deploy,	barbara
15094111885574,beaf24199f841f32643e33b70a3c455b,1509411188,	stage,	barbara
15094109749518,90ff97ae384270cbd04bd06122127a14,1509410974,	deploy,	nellie
15094108924731,90ff97ae384270cbd04bd06122127a14,1509410892,	stage,	lee
15094108696717,64a50fc8a01e2c4e9415a2f6fb7e8c92,1509410869,	deploy,	nellie
15094097193016,64a50fc8a01e2c4e9415a2f6fb7e8c92,1509409719,	stage,	jessamine
15094095995541,314f4781f0f5d8a4639b35b1836bf3e6,1509409599,	stage,	kylie
15094093527592,6133f65cc59f1fcbc750d5fcf9878312,1509409352,	deploy,	holt
15094092752816,6133f65cc59f1fcbc750d5fcf9878312,1509409275,	stage,	holt
15094092348250,f5636f4627b7c6260e05e8197a6023d9,1509409234,	deploy,	allison
15094090383929,f5636f4627b7c6260e05e8197a6023d9,1509409038,	stage,	allison
15094090122414,02968e46667d9aef865ed9ca5395e413,1509409012,	deploy,	denzel
15094089276052,02968e46667d9aef865ed9ca5395e413,1509408927,	stage,	denzel
15094088927261,097348a33845f3140f6dd663f006bf1b,1509408892,	deploy,	denzel
15094087742653,097348a33845f3140f6dd663f006bf1b,1509408774,	stage,	nerissa
15094086831554,de2a9fa9ac853790c7798e16960d15b6,1509408683,	deploy,	roxanne
15094085626795,de2a9fa9ac853790c7798e16960d15b6,1509408562,	stage,	roxanne
15094084512265,ab077fb88f08e3fa7151ef1fd4211571,1509408451,	deploy,	hana
15094083853920,ab077fb88f08e3fa7151ef1fd4211571,1509408385,	stage,	hana
15094083503336,1b013a7711ac750d354a5938b1c3da1e,1509408350,	deploy,	hana
15094082675431,1b013a7711ac750d354a5938b1c3da1e,1509408267,	stage,	nellie
15094082035642,e33d1944ad0a6c9f52c6d549998b24e2,1509408203,	deploy,	sarai
15094080555659,e33d1944ad0a6c9f52c6d549998b24e2,1509408055,	stage,	holt
15094077286500,ce9c0e4a05a449d39320a3beb032e2cd,1509407728,	stage,	ranger
15094076985181,779b2f7f5286cfcc9920ac636fbfa537,1509407698,	deploy,	ranger
15094075913835,779b2f7f5286cfcc9920ac636fbfa537,1509407591,	stage,	sylvester
15094068953267,60afed3883dadfd7821f832260df6b86,1509406895,	deploy,	hana
15094068254466,60afed3883dadfd7821f832260df6b86,1509406825,	stage,	hana
15094067936237,61c69b7698538645ed7ceabff12c10e5,1509406793,	deploy,	hana
15094066917200,61c69b7698538645ed7ceabff12c10e5,1509406691,	stage,	mahala
15094066261093,3c17643db5faace4779f2a5050f6a1f2,1509406626,	deploy,	emil
15094065382253,3c17643db5faace4779f2a5050f6a1f2,1509406538,	stage,	sylvester
15094064561345,9dc44b10ec52de18fcc261f9b1c5ab12,1509406456,	deploy,	hana
15094063619247,9dc44b10ec52de18fcc261f9b1c5ab12,1509406361,	stage,	hana
15094063377448,4279f959e58a03329c21fabf5fc93e01,1509406337,	deploy,	erica
15094061355009,4279f959e58a03329c21fabf5fc93e01,1509406135,	stage,	alicia
15094057694690,54f25fd4884875f87f0d8eda2c5cc0c7,1509405769,	stage,	erica
15094057216906,d9f9e3dfd532854e923b0eb1eaff205a,1509405721,	deploy,	bishop
15094053989556,d9f9e3dfd532854e923b0eb1eaff205a,1509405398,	stage,	bishop
